Indicator,Category,Required Inputs,Formula / Calculation,Must Keep (Not in RFE),RFE Eligible,Prerequisite For,Parameters,Outputs
Timestamp,Core Price Data,Datetime/Unix,Raw timestamp,Yes,No,,,
Open,Core Price Data,OHLCV,Raw market open price,Yes,No,,,
High,Core Price Data,OHLCV,Raw market high price,Yes,No,,,
Low,Core Price Data,OHLCV,Raw market low price,Yes,No,,,
Close,Core Price Data,OHLCV,Raw market close price,Yes,No,,,
Volume,Core Price Data,OHLCV,Raw market volume,Yes,No,,,
Symbol,Core Meta,Ticker/Symbol,Asset identifier,Yes,No,,,
Best Bid Price (L1),Core Order Book,Order Book L1,Highest bid,Yes,No,"Spread, Midprice, L1 Imbalance",,
Best Ask Price (L1),Core Order Book,Order Book L1,Lowest ask,Yes,No,"Spread, Midprice, L1 Imbalance",,
Best Bid Size (L1),Core Order Book,Order Book L1,Size at best bid,Yes,No,"Spread, Midprice, L1 Imbalance",,
Best Ask Size (L1),Core Order Book,Order Book L1,Size at best ask,Yes,No,"Spread, Midprice, L1 Imbalance",,
Prev Close,Prereq,Close,Previous close (lag 1),No,Yes,"Returns, RSI, ATR",lag=1,
Prev High,Prereq,High,Previous high (lag 1),No,Yes,"ATR, True Range",lag=1,
Prev Low,Prereq,Low,Previous low (lag 1),No,Yes,"ATR, True Range",lag=1,
Typical Price (TP),Prereq,"High, Low, Close",TP = (High+Low+Close)/3,No,Yes,"VWAP, Keltner",,
Median Price (MP),Prereq,"High, Low",MP = (High+Low)/2,No,Yes,SuperTrend,,
HLC3,Prereq,"High, Low, Close",HLC3 = (High+Low+Close)/3,No,Yes,Various channels,,
OHLC4,Prereq,"Open, High, Low, Close",OHLC4 = (Open+High+Low+Close)/4,No,Yes,Smoothers,,
True Range (TR),Prereq,"High, Low, Prev Close","TR = max(High-Low, |High-PrevClose|, |Low-PrevClose|)",No,Yes,"ATR, SuperTrend, Keltner",,
Log Return (1),Prereq,"Close, Prev Close",ln(Close/PrevClose),No,Yes,"Volatility (realized), HV",,
SMA_3,Trend,"Close, Period","SMA = mean(Close, 3)",No,Yes,,period=3,
SMA_5,Trend,"Close, Period","SMA = mean(Close, 5)",No,Yes,,period=5,
SMA_7,Trend,"Close, Period","SMA = mean(Close, 7)",No,Yes,,period=7,
SMA_9,Trend,"Close, Period","SMA = mean(Close, 9)",No,Yes,,period=9,
SMA_10,Trend,"Close, Period","SMA = mean(Close, 10)",No,Yes,,period=10,
SMA_12,Trend,"Close, Period","SMA = mean(Close, 12)",No,Yes,,period=12,
SMA_14,Trend,"Close, Period","SMA = mean(Close, 14)",No,Yes,,period=14,
SMA_20,Trend,"Close, Period","SMA = mean(Close, 20)",No,Yes,,period=20,
SMA_21,Trend,"Close, Period","SMA = mean(Close, 21)",No,Yes,,period=21,
SMA_26,Trend,"Close, Period","SMA = mean(Close, 26)",No,Yes,,period=26,
SMA_30,Trend,"Close, Period","SMA = mean(Close, 30)",No,Yes,,period=30,
SMA_34,Trend,"Close, Period","SMA = mean(Close, 34)",No,Yes,,period=34,
SMA_40,Trend,"Close, Period","SMA = mean(Close, 40)",No,Yes,,period=40,
SMA_50,Trend,"Close, Period","SMA = mean(Close, 50)",No,Yes,,period=50,
SMA_55,Trend,"Close, Period","SMA = mean(Close, 55)",No,Yes,,period=55,
SMA_60,Trend,"Close, Period","SMA = mean(Close, 60)",No,Yes,,period=60,
SMA_89,Trend,"Close, Period","SMA = mean(Close, 89)",No,Yes,,period=89,
SMA_100,Trend,"Close, Period","SMA = mean(Close, 100)",No,Yes,,period=100,
SMA_120,Trend,"Close, Period","SMA = mean(Close, 120)",No,Yes,,period=120,
SMA_144,Trend,"Close, Period","SMA = mean(Close, 144)",No,Yes,,period=144,
SMA_150,Trend,"Close, Period","SMA = mean(Close, 150)",No,Yes,,period=150,
SMA_200,Trend,"Close, Period","SMA = mean(Close, 200)",No,Yes,,period=200,
EMA_3,Trend,"Close, Period","EMA_t = EMA_(t-1) + k*(Close-EMA_(t-1)), k=2/(3+1)",No,Yes,,period=3,
EMA_5,Trend,"Close, Period","EMA_t = EMA_(t-1) + k*(Close-EMA_(t-1)), k=2/(5+1)",No,Yes,,period=5,
EMA_7,Trend,"Close, Period","EMA_t = EMA_(t-1) + k*(Close-EMA_(t-1)), k=2/(7+1)",No,Yes,,period=7,
EMA_9,Trend,"Close, Period","EMA_t = EMA_(t-1) + k*(Close-EMA_(t-1)), k=2/(9+1)",No,Yes,,period=9,
EMA_10,Trend,"Close, Period","EMA_t = EMA_(t-1) + k*(Close-EMA_(t-1)), k=2/(10+1)",No,Yes,,period=10,
EMA_12,Trend,"Close, Period","EMA_t = EMA_(t-1) + k*(Close-EMA_(t-1)), k=2/(12+1)",No,Yes,,period=12,
EMA_14,Trend,"Close, Period","EMA_t = EMA_(t-1) + k*(Close-EMA_(t-1)), k=2/(14+1)",No,Yes,,period=14,
EMA_20,Trend,"Close, Period","EMA_t = EMA_(t-1) + k*(Close-EMA_(t-1)), k=2/(20+1)",No,Yes,,period=20,
EMA_21,Trend,"Close, Period","EMA_t = EMA_(t-1) + k*(Close-EMA_(t-1)), k=2/(21+1)",No,Yes,,period=21,
EMA_26,Trend,"Close, Period","EMA_t = EMA_(t-1) + k*(Close-EMA_(t-1)), k=2/(26+1)",No,Yes,,period=26,
EMA_30,Trend,"Close, Period","EMA_t = EMA_(t-1) + k*(Close-EMA_(t-1)), k=2/(30+1)",No,Yes,,period=30,
EMA_34,Trend,"Close, Period","EMA_t = EMA_(t-1) + k*(Close-EMA_(t-1)), k=2/(34+1)",No,Yes,,period=34,
EMA_40,Trend,"Close, Period","EMA_t = EMA_(t-1) + k*(Close-EMA_(t-1)), k=2/(40+1)",No,Yes,,period=40,
EMA_50,Trend,"Close, Period","EMA_t = EMA_(t-1) + k*(Close-EMA_(t-1)), k=2/(50+1)",No,Yes,,period=50,
EMA_55,Trend,"Close, Period","EMA_t = EMA_(t-1) + k*(Close-EMA_(t-1)), k=2/(55+1)",No,Yes,,period=55,
EMA_60,Trend,"Close, Period","EMA_t = EMA_(t-1) + k*(Close-EMA_(t-1)), k=2/(60+1)",No,Yes,,period=60,
EMA_89,Trend,"Close, Period","EMA_t = EMA_(t-1) + k*(Close-EMA_(t-1)), k=2/(89+1)",No,Yes,,period=89,
EMA_100,Trend,"Close, Period","EMA_t = EMA_(t-1) + k*(Close-EMA_(t-1)), k=2/(100+1)",No,Yes,,period=100,
EMA_120,Trend,"Close, Period","EMA_t = EMA_(t-1) + k*(Close-EMA_(t-1)), k=2/(120+1)",No,Yes,,period=120,
EMA_144,Trend,"Close, Period","EMA_t = EMA_(t-1) + k*(Close-EMA_(t-1)), k=2/(144+1)",No,Yes,,period=144,
EMA_150,Trend,"Close, Period","EMA_t = EMA_(t-1) + k*(Close-EMA_(t-1)), k=2/(150+1)",No,Yes,,period=150,
EMA_200,Trend,"Close, Period","EMA_t = EMA_(t-1) + k*(Close-EMA_(t-1)), k=2/(200+1)",No,Yes,,period=200,
WMA_5,Trend,"Close, Period",Weighted mean with linear weights,No,Yes,,period=5,
WMA_9,Trend,"Close, Period",Weighted mean with linear weights,No,Yes,,period=9,
WMA_14,Trend,"Close, Period",Weighted mean with linear weights,No,Yes,,period=14,
WMA_20,Trend,"Close, Period",Weighted mean with linear weights,No,Yes,,period=20,
WMA_30,Trend,"Close, Period",Weighted mean with linear weights,No,Yes,,period=30,
WMA_50,Trend,"Close, Period",Weighted mean with linear weights,No,Yes,,period=50,
WMA_100,Trend,"Close, Period",Weighted mean with linear weights,No,Yes,,period=100,
WMA_200,Trend,"Close, Period",Weighted mean with linear weights,No,Yes,,period=200,
HMA_9,Trend,"Close, Period","HMA = WMA(2*WMA(Close,n/2)-WMA(Close,n), sqrt(n))",No,Yes,,period=9,
HMA_14,Trend,"Close, Period","HMA = WMA(2*WMA(Close,n/2)-WMA(Close,n), sqrt(n))",No,Yes,,period=14,
HMA_20,Trend,"Close, Period","HMA = WMA(2*WMA(Close,n/2)-WMA(Close,n), sqrt(n))",No,Yes,,period=20,
HMA_30,Trend,"Close, Period","HMA = WMA(2*WMA(Close,n/2)-WMA(Close,n), sqrt(n))",No,Yes,,period=30,
HMA_50,Trend,"Close, Period","HMA = WMA(2*WMA(Close,n/2)-WMA(Close,n), sqrt(n))",No,Yes,,period=50,
HMA_100,Trend,"Close, Period","HMA = WMA(2*WMA(Close,n/2)-WMA(Close,n), sqrt(n))",No,Yes,,period=100,
DEMA_10,Trend,"Close, Period","DEMA = 2*EMA(Close,n) - EMA(EMA(Close,n), n)",No,Yes,,period=10,
TEMA_10,Trend,"Close, Period",TEMA = 3*EMA - 3*EMA(EMA) + EMA(EMA(EMA)),No,Yes,,period=10,
DEMA_20,Trend,"Close, Period","DEMA = 2*EMA(Close,n) - EMA(EMA(Close,n), n)",No,Yes,,period=20,
TEMA_20,Trend,"Close, Period",TEMA = 3*EMA - 3*EMA(EMA) + EMA(EMA(EMA)),No,Yes,,period=20,
DEMA_30,Trend,"Close, Period","DEMA = 2*EMA(Close,n) - EMA(EMA(Close,n), n)",No,Yes,,period=30,
TEMA_30,Trend,"Close, Period",TEMA = 3*EMA - 3*EMA(EMA) + EMA(EMA(EMA)),No,Yes,,period=30,
DEMA_50,Trend,"Close, Period","DEMA = 2*EMA(Close,n) - EMA(EMA(Close,n), n)",No,Yes,,period=50,
TEMA_50,Trend,"Close, Period",TEMA = 3*EMA - 3*EMA(EMA) + EMA(EMA(EMA)),No,Yes,,period=50,
DEMA_100,Trend,"Close, Period","DEMA = 2*EMA(Close,n) - EMA(EMA(Close,n), n)",No,Yes,,period=100,
TEMA_100,Trend,"Close, Period",TEMA = 3*EMA - 3*EMA(EMA) + EMA(EMA(EMA)),No,Yes,,period=100,
KAMA_10,Trend,"Close, Period",Kaufman AMA,No,Yes,,period=10,
KAMA_20,Trend,"Close, Period",Kaufman AMA,No,Yes,,period=20,
KAMA_30,Trend,"Close, Period",Kaufman AMA,No,Yes,,period=30,
KAMA_50,Trend,"Close, Period",Kaufman AMA,No,Yes,,period=50,
ZLEMA_10,Trend,"Close, Period",Zero-lag EMA with lag compensation,No,Yes,,period=10,
ZLEMA_20,Trend,"Close, Period",Zero-lag EMA with lag compensation,No,Yes,,period=20,
ZLEMA_30,Trend,"Close, Period",Zero-lag EMA with lag compensation,No,Yes,,period=30,
ZLEMA_50,Trend,"Close, Period",Zero-lag EMA with lag compensation,No,Yes,,period=50,
ZLEMA_100,Trend,"Close, Period",Zero-lag EMA with lag compensation,No,Yes,,period=100,
LSMA_14,Trend,"Close, Period",Least-squares moving average (linear regression),No,Yes,,period=14,
LSMA_21,Trend,"Close, Period",Least-squares moving average (linear regression),No,Yes,,period=21,
LSMA_50,Trend,"Close, Period",Least-squares moving average (linear regression),No,Yes,,period=50,
LSMA_100,Trend,"Close, Period",Least-squares moving average (linear regression),No,Yes,,period=100,
MACD_12_26_9,Trend,"Close, Fast, Slow, Signal","MACD=EMA(12)-EMA(26); Signal=EMA(MACD,9); Hist=MACD-Signal",No,Yes,,fast=12;slow=26;signal=9,"macd,signal,hist"
MACD_5_35_5,Trend,"Close, Fast, Slow, Signal","MACD=EMA(5)-EMA(35); Signal=EMA(MACD,5); Hist=MACD-Signal",No,Yes,,fast=5;slow=35;signal=5,"macd,signal,hist"
MACD_8_24_9,Trend,"Close, Fast, Slow, Signal","MACD=EMA(8)-EMA(24); Signal=EMA(MACD,9); Hist=MACD-Signal",No,Yes,,fast=8;slow=24;signal=9,"macd,signal,hist"
MACD_10_20_7,Trend,"Close, Fast, Slow, Signal","MACD=EMA(10)-EMA(20); Signal=EMA(MACD,7); Hist=MACD-Signal",No,Yes,,fast=10;slow=20;signal=7,"macd,signal,hist"
MACD_20_50_9,Trend,"Close, Fast, Slow, Signal","MACD=EMA(20)-EMA(50); Signal=EMA(MACD,9); Hist=MACD-Signal",No,Yes,,fast=20;slow=50;signal=9,"macd,signal,hist"
Ichimoku_Tenkan,Trend,"High, Low",Tenkan=(HH9+LL9)/2,No,Yes,,period=9,
Ichimoku_Kijun,Trend,"High, Low",Kijun=(HH26+LL26)/2,No,Yes,,period=26,
Ichimoku_SenkouA,Trend,"Tenkan, Kijun",SenkouA=(Tenkan+Kijun)/2 (shifted +26),No,Yes,Ichimoku Cloud,,
Ichimoku_SenkouB,Trend,"High, Low",SenkouB=(HH52+LL52)/2 (shifted +26),No,Yes,Ichimoku Cloud,period=52,
Ichimoku_Chikou,Trend,Close,Chikou Span = Close shifted -26,No,Yes,,shift=26,
Parabolic_SAR,Trend,"High, Low, Step, MaxStep",Iterative SAR with accelerating factor,No,Yes,,step=0.02;max=0.2,
SuperTrend_ATR7_M1.5,Trend,"High, Low, Close, ATR",Upper/Lower bands = MP ± mult*ATR; direction toggle on cross,No,Yes,"Trailing stop, trend",atr=7;mult=1.5,"direction,band"
SuperTrend_ATR7_M2.0,Trend,"High, Low, Close, ATR",Upper/Lower bands = MP ± mult*ATR; direction toggle on cross,No,Yes,"Trailing stop, trend",atr=7;mult=2.0,"direction,band"
SuperTrend_ATR7_M2.5,Trend,"High, Low, Close, ATR",Upper/Lower bands = MP ± mult*ATR; direction toggle on cross,No,Yes,"Trailing stop, trend",atr=7;mult=2.5,"direction,band"
SuperTrend_ATR7_M3.0,Trend,"High, Low, Close, ATR",Upper/Lower bands = MP ± mult*ATR; direction toggle on cross,No,Yes,"Trailing stop, trend",atr=7;mult=3.0,"direction,band"
SuperTrend_ATR10_M1.5,Trend,"High, Low, Close, ATR",Upper/Lower bands = MP ± mult*ATR; direction toggle on cross,No,Yes,"Trailing stop, trend",atr=10;mult=1.5,"direction,band"
SuperTrend_ATR10_M2.0,Trend,"High, Low, Close, ATR",Upper/Lower bands = MP ± mult*ATR; direction toggle on cross,No,Yes,"Trailing stop, trend",atr=10;mult=2.0,"direction,band"
SuperTrend_ATR10_M2.5,Trend,"High, Low, Close, ATR",Upper/Lower bands = MP ± mult*ATR; direction toggle on cross,No,Yes,"Trailing stop, trend",atr=10;mult=2.5,"direction,band"
SuperTrend_ATR10_M3.0,Trend,"High, Low, Close, ATR",Upper/Lower bands = MP ± mult*ATR; direction toggle on cross,No,Yes,"Trailing stop, trend",atr=10;mult=3.0,"direction,band"
SuperTrend_ATR14_M1.5,Trend,"High, Low, Close, ATR",Upper/Lower bands = MP ± mult*ATR; direction toggle on cross,No,Yes,"Trailing stop, trend",atr=14;mult=1.5,"direction,band"
SuperTrend_ATR14_M2.0,Trend,"High, Low, Close, ATR",Upper/Lower bands = MP ± mult*ATR; direction toggle on cross,No,Yes,"Trailing stop, trend",atr=14;mult=2.0,"direction,band"
SuperTrend_ATR14_M2.5,Trend,"High, Low, Close, ATR",Upper/Lower bands = MP ± mult*ATR; direction toggle on cross,No,Yes,"Trailing stop, trend",atr=14;mult=2.5,"direction,band"
SuperTrend_ATR14_M3.0,Trend,"High, Low, Close, ATR",Upper/Lower bands = MP ± mult*ATR; direction toggle on cross,No,Yes,"Trailing stop, trend",atr=14;mult=3.0,"direction,band"
RSI_2,Momentum,"Close, Period",RSI=100-100/(1+RS); RS=AvgGain/AvgLoss,No,Yes,,period=2,
RSI_3,Momentum,"Close, Period",RSI=100-100/(1+RS); RS=AvgGain/AvgLoss,No,Yes,,period=3,
RSI_5,Momentum,"Close, Period",RSI=100-100/(1+RS); RS=AvgGain/AvgLoss,No,Yes,,period=5,
RSI_7,Momentum,"Close, Period",RSI=100-100/(1+RS); RS=AvgGain/AvgLoss,No,Yes,,period=7,
RSI_9,Momentum,"Close, Period",RSI=100-100/(1+RS); RS=AvgGain/AvgLoss,No,Yes,,period=9,
RSI_14,Momentum,"Close, Period",RSI=100-100/(1+RS); RS=AvgGain/AvgLoss,No,Yes,,period=14,
RSI_21,Momentum,"Close, Period",RSI=100-100/(1+RS); RS=AvgGain/AvgLoss,No,Yes,,period=21,
RSI_28,Momentum,"Close, Period",RSI=100-100/(1+RS); RS=AvgGain/AvgLoss,No,Yes,,period=28,
RSI_50,Momentum,"Close, Period",RSI=100-100/(1+RS); RS=AvgGain/AvgLoss,No,Yes,,period=50,
Stoch_%K_5,Momentum,"High, Low, Close",%K=(Close-LL_n)/(HH_n-LL_n)*100,No,Yes,,period=5,
Stoch_%D_5,Momentum,%K,"%D=SMA(%K,3)",No,Yes,Stoch signals,periodK=5;periodD=3,
Stoch_%K_9,Momentum,"High, Low, Close",%K=(Close-LL_n)/(HH_n-LL_n)*100,No,Yes,,period=9,
Stoch_%D_9,Momentum,%K,"%D=SMA(%K,3)",No,Yes,Stoch signals,periodK=9;periodD=3,
Stoch_%K_14,Momentum,"High, Low, Close",%K=(Close-LL_n)/(HH_n-LL_n)*100,No,Yes,,period=14,
Stoch_%D_14,Momentum,%K,"%D=SMA(%K,3)",No,Yes,Stoch signals,periodK=14;periodD=3,
CCI_14,Momentum,"Typical Price, Period",CCI=(TP-SMA(TP))/ (0.015*MeanDev(TP)),No,Yes,,period=14,
CCI_20,Momentum,"Typical Price, Period",CCI=(TP-SMA(TP))/ (0.015*MeanDev(TP)),No,Yes,,period=20,
CCI_50,Momentum,"Typical Price, Period",CCI=(TP-SMA(TP))/ (0.015*MeanDev(TP)),No,Yes,,period=50,
Williams_%R_7,Momentum,"High, Low, Close",%R=(HH_n-Close)/(HH_n-LL_n)*-100,No,Yes,,period=7,
Williams_%R_14,Momentum,"High, Low, Close",%R=(HH_n-Close)/(HH_n-LL_n)*-100,No,Yes,,period=14,
Williams_%R_20,Momentum,"High, Low, Close",%R=(HH_n-Close)/(HH_n-LL_n)*-100,No,Yes,,period=20,
ROC_1,Momentum,Close,ROC=(Close-Close_1)/Close_1*100,No,Yes,,period=1,
ROC_2,Momentum,Close,ROC=(Close-Close_2)/Close_2*100,No,Yes,,period=2,
ROC_3,Momentum,Close,ROC=(Close-Close_3)/Close_3*100,No,Yes,,period=3,
ROC_5,Momentum,Close,ROC=(Close-Close_5)/Close_5*100,No,Yes,,period=5,
ROC_7,Momentum,Close,ROC=(Close-Close_7)/Close_7*100,No,Yes,,period=7,
ROC_9,Momentum,Close,ROC=(Close-Close_9)/Close_9*100,No,Yes,,period=9,
ROC_14,Momentum,Close,ROC=(Close-Close_14)/Close_14*100,No,Yes,,period=14,
ROC_21,Momentum,Close,ROC=(Close-Close_21)/Close_21*100,No,Yes,,period=21,
ROC_28,Momentum,Close,ROC=(Close-Close_28)/Close_28*100,No,Yes,,period=28,
MFI_10,Momentum,"High, Low, Close, Volume",MFI=RSI-like on MoneyFlow=TP*Volume,No,Yes,,period=10,
MFI_14,Momentum,"High, Low, Close, Volume",MFI=RSI-like on MoneyFlow=TP*Volume,No,Yes,,period=14,
MFI_20,Momentum,"High, Low, Close, Volume",MFI=RSI-like on MoneyFlow=TP*Volume,No,Yes,,period=20,
MFI_50,Momentum,"High, Low, Close, Volume",MFI=RSI-like on MoneyFlow=TP*Volume,No,Yes,,period=50,
Momentum_10,Momentum,Close,Close - Close_n,No,Yes,,period=10,
Momentum_20,Momentum,Close,Close - Close_n,No,Yes,,period=20,
Momentum_50,Momentum,Close,Close - Close_n,No,Yes,,period=50,
Momentum_100,Momentum,Close,Close - Close_n,No,Yes,,period=100,
ATR_7,Volatility,True Range,"ATR=SMA(TR,n)",No,Yes,,period=7,
ATR_10,Volatility,True Range,"ATR=SMA(TR,n)",No,Yes,,period=10,
ATR_14,Volatility,True Range,"ATR=SMA(TR,n)",No,Yes,,period=14,
ATR_21,Volatility,True Range,"ATR=SMA(TR,n)",No,Yes,,period=21,
Bollinger_10_x1.0,Volatility,Close,"Middle=SMA(Close,n); Upper=Middle+mult*STD(Close,n); Lower=Middle-mult*STD",No,Yes,Bollinger squeeze/width,period=10;mult=1.0,"upper,middle,lower"
Bollinger_Width_10_x1.0,Volatility,Close,Width=(Upper-Lower)/Middle,No,Yes,Bollinger,period=10;mult=1.0,
Bollinger_10_x2.0,Volatility,Close,"Middle=SMA(Close,n); Upper=Middle+mult*STD(Close,n); Lower=Middle-mult*STD",No,Yes,Bollinger squeeze/width,period=10;mult=2.0,"upper,middle,lower"
Bollinger_Width_10_x2.0,Volatility,Close,Width=(Upper-Lower)/Middle,No,Yes,Bollinger,period=10;mult=2.0,
Bollinger_10_x3.0,Volatility,Close,"Middle=SMA(Close,n); Upper=Middle+mult*STD(Close,n); Lower=Middle-mult*STD",No,Yes,Bollinger squeeze/width,period=10;mult=3.0,"upper,middle,lower"
Bollinger_Width_10_x3.0,Volatility,Close,Width=(Upper-Lower)/Middle,No,Yes,Bollinger,period=10;mult=3.0,
Bollinger_14_x1.0,Volatility,Close,"Middle=SMA(Close,n); Upper=Middle+mult*STD(Close,n); Lower=Middle-mult*STD",No,Yes,Bollinger squeeze/width,period=14;mult=1.0,"upper,middle,lower"
Bollinger_Width_14_x1.0,Volatility,Close,Width=(Upper-Lower)/Middle,No,Yes,Bollinger,period=14;mult=1.0,
Bollinger_14_x2.0,Volatility,Close,"Middle=SMA(Close,n); Upper=Middle+mult*STD(Close,n); Lower=Middle-mult*STD",No,Yes,Bollinger squeeze/width,period=14;mult=2.0,"upper,middle,lower"
Bollinger_Width_14_x2.0,Volatility,Close,Width=(Upper-Lower)/Middle,No,Yes,Bollinger,period=14;mult=2.0,
Bollinger_14_x3.0,Volatility,Close,"Middle=SMA(Close,n); Upper=Middle+mult*STD(Close,n); Lower=Middle-mult*STD",No,Yes,Bollinger squeeze/width,period=14;mult=3.0,"upper,middle,lower"
Bollinger_Width_14_x3.0,Volatility,Close,Width=(Upper-Lower)/Middle,No,Yes,Bollinger,period=14;mult=3.0,
Bollinger_20_x1.0,Volatility,Close,"Middle=SMA(Close,n); Upper=Middle+mult*STD(Close,n); Lower=Middle-mult*STD",No,Yes,Bollinger squeeze/width,period=20;mult=1.0,"upper,middle,lower"
Bollinger_Width_20_x1.0,Volatility,Close,Width=(Upper-Lower)/Middle,No,Yes,Bollinger,period=20;mult=1.0,
Bollinger_20_x2.0,Volatility,Close,"Middle=SMA(Close,n); Upper=Middle+mult*STD(Close,n); Lower=Middle-mult*STD",No,Yes,Bollinger squeeze/width,period=20;mult=2.0,"upper,middle,lower"
Bollinger_Width_20_x2.0,Volatility,Close,Width=(Upper-Lower)/Middle,No,Yes,Bollinger,period=20;mult=2.0,
Bollinger_20_x3.0,Volatility,Close,"Middle=SMA(Close,n); Upper=Middle+mult*STD(Close,n); Lower=Middle-mult*STD",No,Yes,Bollinger squeeze/width,period=20;mult=3.0,"upper,middle,lower"
Bollinger_Width_20_x3.0,Volatility,Close,Width=(Upper-Lower)/Middle,No,Yes,Bollinger,period=20;mult=3.0,
Donchian_20_Upper,Volatility,High,HH_n,No,Yes,,period=20,
Donchian_20_Lower,Volatility,Low,LL_n,No,Yes,,period=20,
Donchian_20_Middle,Volatility,"High, Low",(Upper+Lower)/2,No,Yes,Donchian,period=20,
Donchian_55_Upper,Volatility,High,HH_n,No,Yes,,period=55,
Donchian_55_Lower,Volatility,Low,LL_n,No,Yes,,period=55,
Donchian_55_Middle,Volatility,"High, Low",(Upper+Lower)/2,No,Yes,Donchian,period=55,
Keltner_EMA20_ATR10_M1.5,Volatility,"Typical Price, ATR","Middle=EMA(TP,ema_n); Upper=Middle+mult*ATR; Lower=Middle-mult*ATR",No,Yes,,ema=20;atr=10;mult=1.5,
Keltner_EMA20_ATR10_M2.0,Volatility,"Typical Price, ATR","Middle=EMA(TP,ema_n); Upper=Middle+mult*ATR; Lower=Middle-mult*ATR",No,Yes,,ema=20;atr=10;mult=2.0,
Keltner_EMA20_ATR14_M1.5,Volatility,"Typical Price, ATR","Middle=EMA(TP,ema_n); Upper=Middle+mult*ATR; Lower=Middle-mult*ATR",No,Yes,,ema=20;atr=14;mult=1.5,
Keltner_EMA20_ATR14_M2.0,Volatility,"Typical Price, ATR","Middle=EMA(TP,ema_n); Upper=Middle+mult*ATR; Lower=Middle-mult*ATR",No,Yes,,ema=20;atr=14;mult=2.0,
RealizedVol_10,Volatility,Log Returns,"STD(log returns, n)*sqrt(annualization)",No,Yes,,period=10,
RealizedVol_20,Volatility,Log Returns,"STD(log returns, n)*sqrt(annualization)",No,Yes,,period=20,
RealizedVol_30,Volatility,Log Returns,"STD(log returns, n)*sqrt(annualization)",No,Yes,,period=30,
Chaikin Volatility_10,Volatility,"High, Low","100*(EMA(High-Low,10)-EMA(High-Low,10)_prev)/EMA(High-Low,10)_prev",No,Yes,,period=10,
OBV,Volume,"Close, Volume",Cum( sign(Close-PrevClose)*Volume ),No,Yes,,,
OBV_EMA_10,Volume,OBV,"EMA(OBV, n)",No,Yes,OBV smoothing,period=10,
OBV_EMA_20,Volume,OBV,"EMA(OBV, n)",No,Yes,OBV smoothing,period=20,
OBV_EMA_50,Volume,OBV,"EMA(OBV, n)",No,Yes,OBV smoothing,period=50,
CMF_10,Volume,"High, Low, Close, Volume","CMF = Sum( MFM*Vol, n ) / Sum(Vol, n); MFM=((Close-Low)-(High-Close))/(High-Low)",No,Yes,,period=10,
CMF_20,Volume,"High, Low, Close, Volume","CMF = Sum( MFM*Vol, n ) / Sum(Vol, n); MFM=((Close-Low)-(High-Close))/(High-Low)",No,Yes,,period=20,
CMF_50,Volume,"High, Low, Close, Volume","CMF = Sum( MFM*Vol, n ) / Sum(Vol, n); MFM=((Close-Low)-(High-Close))/(High-Low)",No,Yes,,period=50,
Accumulation/Distribution (A/D),Volume,"High, Low, Close, Volume",Cum( MFM*Volume ),No,Yes,,,
ForceIndex_2,Volume,"Close, Volume","FI= EMA( (Close-Close_prev)*Volume, n )",No,Yes,,period=2,
ForceIndex_10,Volume,"Close, Volume","FI= EMA( (Close-Close_prev)*Volume, n )",No,Yes,,period=10,
ForceIndex_20,Volume,"Close, Volume","FI= EMA( (Close-Close_prev)*Volume, n )",No,Yes,,period=20,
Volume_SMA_10,Volume,Volume,"SMA(Volume,n)",No,Yes,,period=10,
Volume_SMA_20,Volume,Volume,"SMA(Volume,n)",No,Yes,,period=20,
Volume_SMA_50,Volume,Volume,"SMA(Volume,n)",No,Yes,,period=50,
Volume_EMA_10,Volume,Volume,"EMA(Volume,n)",No,Yes,,period=10,
Volume_EMA_20,Volume,Volume,"EMA(Volume,n)",No,Yes,,period=20,
Volume_EMA_50,Volume,Volume,"EMA(Volume,n)",No,Yes,,period=50,
MFI_14,Volume,"High, Low, Close, Volume",Money Flow Index,No,Yes,,period=14,
MFI_20,Volume,"High, Low, Close, Volume",Money Flow Index,No,Yes,,period=20,
VWAP_Daily,Volume,"Typical Price, Volume, Session",Cum(TP*Vol)/Cum(Vol) within session,No,Yes,,session=daily,
PVI,Volume,"Close, Volume",If Vol_t>Vol_{t-1}: PVI_t=PVI_{t-1}*(1+ROC_Close),No,Yes,,,
NVI,Volume,"Close, Volume",If Vol_t<Vol_{t-1}: NVI_t=NVI_{t-1}*(1+ROC_Close),No,Yes,,,
EoM_1,Volume,"High, Low, Volume",((High+Low)/2 - (PrevHigh+PrevLow)/2) / (Volume/(High-Low)); EMA over n if n>1,No,Yes,,period=1,
EoM_14,Volume,"High, Low, Volume",((High+Low)/2 - (PrevHigh+PrevLow)/2) / (Volume/(High-Low)); EMA over n if n>1,No,Yes,,period=14,
Return_1,Price Action,Close,(Close-Close_1)/Close_1,No,Yes,,horizon=1,
LogReturn_1,Price Action,Close,ln(Close/Close_1),No,Yes,,horizon=1,
HighLowRange_1,Price Action,"High, Low",HH_1-LL_1,No,Yes,,period=1,
CloseToRange_1,Price Action,"High, Low, Close",(Close-LL_1)/(HH_1-LL_1),No,Yes,,period=1,
Return_2,Price Action,Close,(Close-Close_2)/Close_2,No,Yes,,horizon=2,
LogReturn_2,Price Action,Close,ln(Close/Close_2),No,Yes,,horizon=2,
HighLowRange_2,Price Action,"High, Low",HH_2-LL_2,No,Yes,,period=2,
CloseToRange_2,Price Action,"High, Low, Close",(Close-LL_2)/(HH_2-LL_2),No,Yes,,period=2,
Return_3,Price Action,Close,(Close-Close_3)/Close_3,No,Yes,,horizon=3,
LogReturn_3,Price Action,Close,ln(Close/Close_3),No,Yes,,horizon=3,
HighLowRange_3,Price Action,"High, Low",HH_3-LL_3,No,Yes,,period=3,
CloseToRange_3,Price Action,"High, Low, Close",(Close-LL_3)/(HH_3-LL_3),No,Yes,,period=3,
Return_5,Price Action,Close,(Close-Close_5)/Close_5,No,Yes,,horizon=5,
LogReturn_5,Price Action,Close,ln(Close/Close_5),No,Yes,,horizon=5,
HighLowRange_5,Price Action,"High, Low",HH_5-LL_5,No,Yes,,period=5,
CloseToRange_5,Price Action,"High, Low, Close",(Close-LL_5)/(HH_5-LL_5),No,Yes,,period=5,
Return_7,Price Action,Close,(Close-Close_7)/Close_7,No,Yes,,horizon=7,
LogReturn_7,Price Action,Close,ln(Close/Close_7),No,Yes,,horizon=7,
HighLowRange_7,Price Action,"High, Low",HH_7-LL_7,No,Yes,,period=7,
CloseToRange_7,Price Action,"High, Low, Close",(Close-LL_7)/(HH_7-LL_7),No,Yes,,period=7,
Return_10,Price Action,Close,(Close-Close_10)/Close_10,No,Yes,,horizon=10,
LogReturn_10,Price Action,Close,ln(Close/Close_10),No,Yes,,horizon=10,
HighLowRange_10,Price Action,"High, Low",HH_10-LL_10,No,Yes,,period=10,
CloseToRange_10,Price Action,"High, Low, Close",(Close-LL_10)/(HH_10-LL_10),No,Yes,,period=10,
Return_14,Price Action,Close,(Close-Close_14)/Close_14,No,Yes,,horizon=14,
LogReturn_14,Price Action,Close,ln(Close/Close_14),No,Yes,,horizon=14,
HighLowRange_14,Price Action,"High, Low",HH_14-LL_14,No,Yes,,period=14,
CloseToRange_14,Price Action,"High, Low, Close",(Close-LL_14)/(HH_14-LL_14),No,Yes,,period=14,
Return_21,Price Action,Close,(Close-Close_21)/Close_21,No,Yes,,horizon=21,
LogReturn_21,Price Action,Close,ln(Close/Close_21),No,Yes,,horizon=21,
HighLowRange_21,Price Action,"High, Low",HH_21-LL_21,No,Yes,,period=21,
CloseToRange_21,Price Action,"High, Low, Close",(Close-LL_21)/(HH_21-LL_21),No,Yes,,period=21,
Return_30,Price Action,Close,(Close-Close_30)/Close_30,No,Yes,,horizon=30,
LogReturn_30,Price Action,Close,ln(Close/Close_30),No,Yes,,horizon=30,
HighLowRange_30,Price Action,"High, Low",HH_30-LL_30,No,Yes,,period=30,
CloseToRange_30,Price Action,"High, Low, Close",(Close-LL_30)/(HH_30-LL_30),No,Yes,,period=30,
Body,Price Action,"Open, Close",|Close-Open|,No,Yes,,,
UpperWick,Price Action,"High, Open, Close","High-max(Open,Close)",No,Yes,,,
LowerWick,Price Action,"Low, Open, Close","min(Open,Close)-Low",No,Yes,,,
BodyToRange,Price Action,"High, Low, Open, Close",Body/(High-Low),No,Yes,,,
UpperToLowerWick,Price Action,"High, Low, Open, Close",UpperWick/LowerWick,No,Yes,,,
GapUp,Price Action,"Open, Prev High",Open > PrevHigh,No,Yes,,,
GapDown,Price Action,"Open, Prev Low",Open < PrevLow,No,Yes,,,
RollingHigh_20,Price Action,High,HH_20,No,Yes,,period=20,
RollingLow_20,Price Action,Low,LL_20,No,Yes,,period=20,
PivotPoint_20,Price Action,"High, Low, Close",(H+L+C)/3 over lookback n,No,Yes,,period=20,
RollingHigh_55,Price Action,High,HH_55,No,Yes,,period=55,
RollingLow_55,Price Action,Low,LL_55,No,Yes,,period=55,
PivotPoint_55,Price Action,"High, Low, Close",(H+L+C)/3 over lookback n,No,Yes,,period=55,
RollingHigh_100,Price Action,High,HH_100,No,Yes,,period=100,
RollingLow_100,Price Action,Low,LL_100,No,Yes,,period=100,
PivotPoint_100,Price Action,"High, Low, Close",(H+L+C)/3 over lookback n,No,Yes,,period=100,
Doji,Candlestick Pattern,"Open, High, Low, Close",Rule-based detection for Doji,No,Yes,,,flag
DragonflyDoji,Candlestick Pattern,"Open, High, Low, Close",Rule-based detection for DragonflyDoji,No,Yes,,,flag
GravestoneDoji,Candlestick Pattern,"Open, High, Low, Close",Rule-based detection for GravestoneDoji,No,Yes,,,flag
Hammer,Candlestick Pattern,"Open, High, Low, Close",Rule-based detection for Hammer,No,Yes,,,flag
InvertedHammer,Candlestick Pattern,"Open, High, Low, Close",Rule-based detection for InvertedHammer,No,Yes,,,flag
HangingMan,Candlestick Pattern,"Open, High, Low, Close",Rule-based detection for HangingMan,No,Yes,,,flag
ShootingStar,Candlestick Pattern,"Open, High, Low, Close",Rule-based detection for ShootingStar,No,Yes,,,flag
BullishEngulfing,Candlestick Pattern,"Open, High, Low, Close",Rule-based detection for BullishEngulfing,No,Yes,,,flag
BearishEngulfing,Candlestick Pattern,"Open, High, Low, Close",Rule-based detection for BearishEngulfing,No,Yes,,,flag
Piercing,Candlestick Pattern,"Open, High, Low, Close",Rule-based detection for Piercing,No,Yes,,,flag
DarkCloudCover,Candlestick Pattern,"Open, High, Low, Close",Rule-based detection for DarkCloudCover,No,Yes,,,flag
MorningStar,Candlestick Pattern,"Open, High, Low, Close",Rule-based detection for MorningStar,No,Yes,,,flag
EveningStar,Candlestick Pattern,"Open, High, Low, Close",Rule-based detection for EveningStar,No,Yes,,,flag
HaramiBull,Candlestick Pattern,"Open, High, Low, Close",Rule-based detection for HaramiBull,No,Yes,,,flag
HaramiBear,Candlestick Pattern,"Open, High, Low, Close",Rule-based detection for HaramiBear,No,Yes,,,flag
TweezerTop,Candlestick Pattern,"Open, High, Low, Close",Rule-based detection for TweezerTop,No,Yes,,,flag
TweezerBottom,Candlestick Pattern,"Open, High, Low, Close",Rule-based detection for TweezerBottom,No,Yes,,,flag
ThreeWhiteSoldiers,Candlestick Pattern,"Open, High, Low, Close",Rule-based detection for ThreeWhiteSoldiers,No,Yes,,,flag
ThreeBlackCrows,Candlestick Pattern,"Open, High, Low, Close",Rule-based detection for ThreeBlackCrows,No,Yes,,,flag
MarubozuWhite,Candlestick Pattern,"Open, High, Low, Close",Rule-based detection for MarubozuWhite,No,Yes,,,flag
MarubozuBlack,Candlestick Pattern,"Open, High, Low, Close",Rule-based detection for MarubozuBlack,No,Yes,,,flag
SpinningTop,Candlestick Pattern,"Open, High, Low, Close",Rule-based detection for SpinningTop,No,Yes,,,flag
InsideBar,Candlestick Pattern,"Open, High, Low, Close",Rule-based detection for InsideBar,No,Yes,,,flag
OutsideBar,Candlestick Pattern,"Open, High, Low, Close",Rule-based detection for OutsideBar,No,Yes,,,flag
KickingBull,Candlestick Pattern,"Open, High, Low, Close",Rule-based detection for KickingBull,No,Yes,,,flag
KickingBear,Candlestick Pattern,"Open, High, Low, Close",Rule-based detection for KickingBear,No,Yes,,,flag
LinReg_Slope_20,Price Action,Close,Slope of OLS y=Close vs t over n,No,Yes,,window=20,
LinReg_Intercept_20,Price Action,Close,Intercept of OLS over n,No,Yes,,window=20,
LinReg_R2_20,Price Action,Close,R^2 of OLS over n,No,Yes,,window=20,
LinReg_Slope_50,Price Action,Close,Slope of OLS y=Close vs t over n,No,Yes,,window=50,
LinReg_Intercept_50,Price Action,Close,Intercept of OLS over n,No,Yes,,window=50,
LinReg_R2_50,Price Action,Close,R^2 of OLS over n,No,Yes,,window=50,
LinReg_Slope_100,Price Action,Close,Slope of OLS y=Close vs t over n,No,Yes,,window=100,
LinReg_Intercept_100,Price Action,Close,Intercept of OLS over n,No,Yes,,window=100,
LinReg_R2_100,Price Action,Close,R^2 of OLS over n,No,Yes,,window=100,
ZigZag_Peaks,Price Action,"High, Low, Deviation",ZigZag turning points detection,No,Yes,,dev=5%,indexes
BillWilliams_Fractal_Up,Price Action,High,High[i-2..i+2] with center highest,No,Yes,,,flag
BillWilliams_Fractal_Down,Price Action,Low,Low[i-2..i+2] with center lowest,No,Yes,,,flag
BidPrice_L1,Order Book,Order Book L1,Price at bid level 1,No,Yes,,level=1,
AskPrice_L1,Order Book,Order Book L1,Price at ask level 1,No,Yes,,level=1,
BidSize_L1,Order Book,Order Book L1,Size at bid level 1,No,Yes,,level=1,
AskSize_L1,Order Book,Order Book L1,Size at ask level 1,No,Yes,,level=1,
BidPrice_L2,Order Book,Order Book L2,Price at bid level 2,No,Yes,,level=2,
AskPrice_L2,Order Book,Order Book L2,Price at ask level 2,No,Yes,,level=2,
BidSize_L2,Order Book,Order Book L2,Size at bid level 2,No,Yes,,level=2,
AskSize_L2,Order Book,Order Book L2,Size at ask level 2,No,Yes,,level=2,
BidPrice_L3,Order Book,Order Book L3,Price at bid level 3,No,Yes,,level=3,
AskPrice_L3,Order Book,Order Book L3,Price at ask level 3,No,Yes,,level=3,
BidSize_L3,Order Book,Order Book L3,Size at bid level 3,No,Yes,,level=3,
AskSize_L3,Order Book,Order Book L3,Size at ask level 3,No,Yes,,level=3,
BidPrice_L4,Order Book,Order Book L4,Price at bid level 4,No,Yes,,level=4,
AskPrice_L4,Order Book,Order Book L4,Price at ask level 4,No,Yes,,level=4,
BidSize_L4,Order Book,Order Book L4,Size at bid level 4,No,Yes,,level=4,
AskSize_L4,Order Book,Order Book L4,Size at ask level 4,No,Yes,,level=4,
BidPrice_L5,Order Book,Order Book L5,Price at bid level 5,No,Yes,,level=5,
AskPrice_L5,Order Book,Order Book L5,Price at ask level 5,No,Yes,,level=5,
BidSize_L5,Order Book,Order Book L5,Size at bid level 5,No,Yes,,level=5,
AskSize_L5,Order Book,Order Book L5,Size at ask level 5,No,Yes,,level=5,
BidPrice_L6,Order Book,Order Book L6,Price at bid level 6,No,Yes,,level=6,
AskPrice_L6,Order Book,Order Book L6,Price at ask level 6,No,Yes,,level=6,
BidSize_L6,Order Book,Order Book L6,Size at bid level 6,No,Yes,,level=6,
AskSize_L6,Order Book,Order Book L6,Size at ask level 6,No,Yes,,level=6,
BidPrice_L7,Order Book,Order Book L7,Price at bid level 7,No,Yes,,level=7,
AskPrice_L7,Order Book,Order Book L7,Price at ask level 7,No,Yes,,level=7,
BidSize_L7,Order Book,Order Book L7,Size at bid level 7,No,Yes,,level=7,
AskSize_L7,Order Book,Order Book L7,Size at ask level 7,No,Yes,,level=7,
BidPrice_L8,Order Book,Order Book L8,Price at bid level 8,No,Yes,,level=8,
AskPrice_L8,Order Book,Order Book L8,Price at ask level 8,No,Yes,,level=8,
BidSize_L8,Order Book,Order Book L8,Size at bid level 8,No,Yes,,level=8,
AskSize_L8,Order Book,Order Book L8,Size at ask level 8,No,Yes,,level=8,
BidPrice_L9,Order Book,Order Book L9,Price at bid level 9,No,Yes,,level=9,
AskPrice_L9,Order Book,Order Book L9,Price at ask level 9,No,Yes,,level=9,
BidSize_L9,Order Book,Order Book L9,Size at bid level 9,No,Yes,,level=9,
AskSize_L9,Order Book,Order Book L9,Size at ask level 9,No,Yes,,level=9,
BidPrice_L10,Order Book,Order Book L10,Price at bid level 10,No,Yes,,level=10,
AskPrice_L10,Order Book,Order Book L10,Price at ask level 10,No,Yes,,level=10,
BidSize_L10,Order Book,Order Book L10,Size at bid level 10,No,Yes,,level=10,
AskSize_L10,Order Book,Order Book L10,Size at ask level 10,No,Yes,,level=10,
Spread_L1,Order Book,"Best Bid, Best Ask",Ask1 - Bid1,No,Yes,,,
Midprice_L1,Order Book,"Best Bid, Best Ask",(Bid1+Ask1)/2,No,Yes,,,
Imbalance_L1,Order Book,"BidSize1, AskSize1",(BidSize1-AskSize1)/(BidSize1+AskSize1),No,Yes,,,
CumulativeBidDepth_L3,Order Book,BidSize L1..Lk,Sum BidSize up to k,No,Yes,,k=3,
CumulativeAskDepth_L3,Order Book,AskSize L1..Lk,Sum AskSize up to k,No,Yes,,k=3,
DepthImbalance_L3,Order Book,"CumBidDepth, CumAskDepth",(CumBid-CumAsk)/(CumBid+CumAsk),No,Yes,,k=3,
CumulativeBidDepth_L5,Order Book,BidSize L1..Lk,Sum BidSize up to k,No,Yes,,k=5,
CumulativeAskDepth_L5,Order Book,AskSize L1..Lk,Sum AskSize up to k,No,Yes,,k=5,
DepthImbalance_L5,Order Book,"CumBidDepth, CumAskDepth",(CumBid-CumAsk)/(CumBid+CumAsk),No,Yes,,k=5,
CumulativeBidDepth_L10,Order Book,BidSize L1..Lk,Sum BidSize up to k,No,Yes,,k=10,
CumulativeAskDepth_L10,Order Book,AskSize L1..Lk,Sum AskSize up to k,No,Yes,,k=10,
DepthImbalance_L10,Order Book,"CumBidDepth, CumAskDepth",(CumBid-CumAsk)/(CumBid+CumAsk),No,Yes,,k=10,
OrderFlowImbalance_10,Order Book,Signed trade size or signed L1 changes,Sum signed size over n,No,Yes,,window=10,
OrderFlowImbalance_20,Order Book,Signed trade size or signed L1 changes,Sum signed size over n,No,Yes,,window=20,
OrderFlowImbalance_50,Order Book,Signed trade size or signed L1 changes,Sum signed size over n,No,Yes,,window=50,
KyleLambda_10,Order Book,"Returns, Signed Volume",OLS slope of return ~ signed volume,No,Yes,,window=10,
KyleLambda_20,Order Book,"Returns, Signed Volume",OLS slope of return ~ signed volume,No,Yes,,window=20,
KyleLambda_50,Order Book,"Returns, Signed Volume",OLS slope of return ~ signed volume,No,Yes,,window=50,
PriceRatio_Asset_BTC,Intermarket,"Asset Close, BTC Close",Asset/BTC,No,Yes,,,
PriceRatio_Asset_ETH,Intermarket,"Asset Close, ETH Close",Asset/ETH,No,Yes,,,
RollingCorr_20_BTC,Intermarket,"Asset Close, BTC Close","Corr(Close_asset, Close_BTC, n)",No,Yes,,window=20,
RollingBeta_20_BTC,Intermarket,"Asset Returns, BTC Returns",Beta from OLS: ret_asset ~ alpha + beta*ret_btc,No,Yes,,window=20,
RollingCorr_20_ETH,Intermarket,"Asset Close, ETH Close","Corr(Close_asset, Close_ETH, n)",No,Yes,,window=20,
RollingBeta_20_ETH,Intermarket,"Asset Returns, ETH Returns",Beta from OLS,No,Yes,,window=20,
RollingCorr_50_BTC,Intermarket,"Asset Close, BTC Close","Corr(Close_asset, Close_BTC, n)",No,Yes,,window=50,
RollingBeta_50_BTC,Intermarket,"Asset Returns, BTC Returns",Beta from OLS: ret_asset ~ alpha + beta*ret_btc,No,Yes,,window=50,
RollingCorr_50_ETH,Intermarket,"Asset Close, ETH Close","Corr(Close_asset, Close_ETH, n)",No,Yes,,window=50,
RollingBeta_50_ETH,Intermarket,"Asset Returns, ETH Returns",Beta from OLS,No,Yes,,window=50,
RollingCorr_100_BTC,Intermarket,"Asset Close, BTC Close","Corr(Close_asset, Close_BTC, n)",No,Yes,,window=100,
RollingBeta_100_BTC,Intermarket,"Asset Returns, BTC Returns",Beta from OLS: ret_asset ~ alpha + beta*ret_btc,No,Yes,,window=100,
RollingCorr_100_ETH,Intermarket,"Asset Close, ETH Close","Corr(Close_asset, Close_ETH, n)",No,Yes,,window=100,
RollingBeta_100_ETH,Intermarket,"Asset Returns, ETH Returns",Beta from OLS,No,Yes,,window=100,
ETH_BTC_Spread,Intermarket,"ETH Close, BTC Close",ETH - k*BTC (k via regression),No,Yes,,,
Altcoin_to_BTC_CapRatio,Intermarket,"Alt mkt cap, BTC mkt cap",AltCap/BTC Cap,No,Yes,,,
DayOfWeek,Event/Time,Timestamp,0..6,Yes,No,Seasonality,,
HourOfDay,Event/Time,Timestamp,0..23,Yes,No,Intraday,,
MinuteOfHour,Event/Time,Timestamp,0..59,No,Yes,Microstructure,,
Sin_DayOfWeek,Event/Time,DayOfWeek,sin(2π*day/7),No,Yes,Seasonality,,
Cos_DayOfWeek,Event/Time,DayOfWeek,cos(2π*day/7),No,Yes,Seasonality,,
Sin_Hour,Event/Time,HourOfDay,sin(2π*hour/24),No,Yes,,,
Cos_Hour,Event/Time,HourOfDay,cos(2π*hour/24),No,Yes,,,
Session_Asia,Event/Time,"Timestamp, Exchange Hours",1 if time in Asia session,No,Yes,Intraday regimes,,flag
Session_Europe,Event/Time,"Timestamp, Exchange Hours",1 if time in Europe session,No,Yes,Intraday regimes,,flag
Session_US,Event/Time,"Timestamp, Exchange Hours",1 if time in US session,No,Yes,Intraday regimes,,flag
BTC_Halving_Window,Event/Time,Calendar,Flag around known on-chain events (±X days),No,Yes,Regimes,window=±14d,flag
ETH_Merge_Anniv,Event/Time,Calendar,Flag around known on-chain events (±X days),No,Yes,Regimes,window=±14d,flag
DPO_20,Trend,Close,"DPO=Close - SMA(Close, n/2+1)",No,Yes,,period=20,
DPO_30,Trend,Close,"DPO=Close - SMA(Close, n/2+1)",No,Yes,,period=30,
TRIX_9,Momentum,Close,ROC of triple-smoothed EMA,No,Yes,,period=9,
TRIX_15,Momentum,Close,ROC of triple-smoothed EMA,No,Yes,,period=15,
TRIX_30,Momentum,Close,ROC of triple-smoothed EMA,No,Yes,,period=30,
PPO_12_26,Momentum,Close,PPO= (EMA_fast-EMA_slow)/EMA_slow *100,No,Yes,,fast=12;slow=26,
PPO_5_35,Momentum,Close,PPO= (EMA_fast-EMA_slow)/EMA_slow *100,No,Yes,,fast=5;slow=35,
PVO_12_26,Volume,Volume,PVO=(EMA_vol_fast-EMA_vol_slow)/EMA_vol_slow *100,No,Yes,,fast=12;slow=26,
PVO_10_20,Volume,Volume,PVO=(EMA_vol_fast-EMA_vol_slow)/EMA_vol_slow *100,No,Yes,,fast=10;slow=20,
UltimateOsc_7,Momentum,"High, Low, Close",Weighted sums of BP/TR over 7/14/28,No,Yes,,,
UltimateOsc_14,Momentum,"High, Low, Close",Weighted sums of BP/TR over 7/14/28,No,Yes,,,
UltimateOsc_21,Momentum,"High, Low, Close",Weighted sums of BP/TR over 7/14/28,No,Yes,,,
AroonUp_14,Trend,High,100*(n - periods since HH)/n,No,Yes,,period=14,
AroonDown_14,Trend,Low,100*(n - periods since LL)/n,No,Yes,,period=14,
AroonUp_20,Trend,High,100*(n - periods since HH)/n,No,Yes,,period=20,
AroonDown_20,Trend,Low,100*(n - periods since LL)/n,No,Yes,,period=20,
ADX_14,Trend,"High, Low, Close","ADX = EMA(DX, n); DX=100*|+DI - -DI|/(+DI + -DI)",No,Yes,,period=14,
DMI_PlusDI_14,Trend,"High, Low, Close","+DI = 100*EMA(+DM/TR, n)",No,Yes,ADX,period=14,
DMI_MinusDI_14,Trend,"High, Low, Close","-DI = 100*EMA(-DM/TR, n)",No,Yes,ADX,period=14,
ADX_20,Trend,"High, Low, Close","ADX = EMA(DX, n); DX=100*|+DI - -DI|/(+DI + -DI)",No,Yes,,period=20,
DMI_PlusDI_20,Trend,"High, Low, Close","+DI = 100*EMA(+DM/TR, n)",No,Yes,ADX,period=20,
DMI_MinusDI_20,Trend,"High, Low, Close","-DI = 100*EMA(-DM/TR, n)",No,Yes,ADX,period=20,
QStick_14,Momentum,"Open, Close","SMA(Close-Open, n)",No,Yes,,period=14,
QStick_20,Momentum,"Open, Close","SMA(Close-Open, n)",No,Yes,,period=20,
ChandeMomentumOsc_14,Momentum,Close,CMO=100*(Sum(up)-Sum(down))/Sum(|delta|),No,Yes,,period=14,
ChandeMomentumOsc_20,Momentum,Close,CMO=100*(Sum(up)-Sum(down))/Sum(|delta|),No,Yes,,period=20,
KST,Momentum,Close,KST=sum of smoothed ROC at 4 lengths,No,Yes,,"roc=[10,15,20,30]",
TSI_25_13,Momentum,Close,"TSI=EMA(EMA(delta, r), r_s)/EMA(EMA(|delta|, r), r_s)",No,Yes,,r=25;s=13,
TSI_13_7,Momentum,Close,"TSI=EMA(EMA(delta, r), r_s)/EMA(EMA(|delta|, r), r_s)",No,Yes,,r=13;s=7,
HA_Open,Price Action,"Open, High, Low, Close",Heikin-Ashi transformation,No,Yes,Heikin-Ashi indicators,,
HA_High,Price Action,"Open, High, Low, Close",Heikin-Ashi transformation,No,Yes,Heikin-Ashi indicators,,
HA_Low,Price Action,"Open, High, Low, Close",Heikin-Ashi transformation,No,Yes,Heikin-Ashi indicators,,
HA_Close,Price Action,"Open, High, Low, Close",Heikin-Ashi transformation,No,Yes,Heikin-Ashi indicators,,
Renko_Brick_Up,Price Action,"Close, Brick Size",Renko direction up,No,Yes,,brick=custom,flag
Renko_Brick_Down,Price Action,"Close, Brick Size",Renko direction down,No,Yes,,brick=custom,flag
